Responder_id,LanguagesWorkedWith
1,HTML/CSS;Java;JavaScript;Python
2,C++;HTML/CSS;Python
3,HTML/CSS
4,C;C++;C#;Python;SQL
5,C++;HTML/CSS;Java;JavaScript;Python;SQL;VBA
6,Java;R;SQL
7,HTML/CSS;JavaScript
8,Bash/Shell/PowerShell;C;C++;HTML/CSS;Java;JavaScript;Python;SQL
9,Bash/Shell/PowerShell;C#;HTML/CSS;JavaScript;Python;Ruby;Rust;SQL;TypeScript;WebAssembly;Other(s):
10,C#;Go;JavaScript;Python;R;SQL
11,Other(s):
12,Bash/Shell/PowerShell;HTML/CSS;Java;Python;R;SQL
13,Bash/Shell/PowerShell;HTML/CSS;JavaScript;PHP;SQL;TypeScript
14,C++
15,Assembly;Bash/Shell/PowerShell;C;C++;HTML/CSS;Java;JavaScript;PHP;SQL
16,Bash/Shell/PowerShell;C#;HTML/CSS;JavaScript;TypeScript;VBA
17,Bash/Shell/PowerShell;HTML/CSS;JavaScript;TypeScript
18,Python;R
19,C#;HTML/CSS;Java;JavaScript;SQL;TypeScript
20,Bash/Shell/PowerShell;C#;HTML/CSS;Java;JavaScript;PHP;Python;R;SQL
21,Assembly;Bash/Shell/PowerShell;C;C++;Go;Java;JavaScript;Kotlin;Python;Rust;SQL;Swift
22,Bash/Shell/PowerShell;C++;HTML/CSS;JavaScript;Python;Ruby;SQL;TypeScript
23,Bash/Shell/PowerShell;HTML/CSS;JavaScript;Python;Ruby;SQL
24,HTML/CSS;JavaScript;PHP;TypeScript
25,HTML/CSS;JavaScript;PHP;SQL;TypeScript
26,Bash/Shell/PowerShell;C++;C#;HTML/CSS;JavaScript;PHP;Python;Ruby;SQL;Swift;TypeScript;VBA
27,C++;JavaScript;Python;Ruby;SQL;TypeScript
28,JavaScript;TypeScript
29,Bash/Shell/PowerShell;JavaScript;SQL
31,Python
32,Bash/Shell/PowerShell;HTML/CSS;JavaScript;PHP;Python
33,C++;Python;R
34,HTML/CSS;JavaScript
35,HTML/CSS;JavaScript
36,Java;Kotlin;Python
37,Bash/Shell/PowerShell;JavaScript;Python;Other(s):
38,C#;HTML/CSS;JavaScript;SQL
39,C#;JavaScript;SQL;TypeScript
40,C#;HTML/CSS
41,Bash/Shell/PowerShell;C;C++;HTML/CSS;Java;JavaScript;SQL
42,HTML/CSS;JavaScript;PHP;TypeScript
43,C++;C#;HTML/CSS;Java;JavaScript;Objective-C;SQL
44,Bash/Shell/PowerShell;C#;HTML/CSS;Java;JavaScript;SQL;TypeScript;WebAssembly
45,Python
46,Bash/Shell/PowerShell;C;C#;HTML/CSS;JavaScript;PHP;Python;SQL;Other(s):
47,Java;PHP;Ruby
48,HTML/CSS;PHP;SQL
49,Bash/Shell/PowerShell;HTML/CSS;Java;JavaScript;PHP;Python;SQL;TypeScript
50,Bash/Shell/PowerShell;C;C++;HTML/CSS;Java;JavaScript;PHP;Python;SQL
51,Bash/Shell/PowerShell;C++;HTML/CSS;Java;JavaScript;Python;R;TypeScript
52,Bash/Shell/PowerShell;C;C++;Elixir;Erlang;Go;HTML/CSS;Java;JavaScript;Kotlin;Python;Ruby;Rust;SQL;TypeScript
53,Bash/Shell/PowerShell;HTML/CSS;Java;JavaScript;PHP;SQL;TypeScript
54,Bash/Shell/PowerShell;HTML/CSS;JavaScript;Python
55,Java;Python;SQL
56,Bash/Shell/PowerShell;HTML/CSS;Java;SQL
57,JavaScript;Python
58,C#;Java;SQL
59,HTML/CSS;JavaScript;PHP;SQL
60,Bash/Shell/PowerShell;Go;JavaScript;PHP;Python;Ruby;SQL
61,C++;C#;HTML/CSS;JavaScript;PHP;Python;SQL;VBA
62,Bash/Shell/PowerShell;C++;Go;HTML/CSS;Java;JavaScript;Kotlin;PHP;Python;Ruby;SQL;TypeScript;VBA
63,Bash/Shell/PowerShell;Clojure;Java;Python;Other(s):
64,Bash/Shell/PowerShell;C;C++;C#
65,Assembly;C;C++;C#;HTML/CSS;Java
66,Clojure;Go;HTML/CSS;Java;JavaScript;R;SQL
67,C;C#;HTML/CSS;Java;JavaScript;PHP;Python;SQL;VBA
68,HTML/CSS;Java;JavaScript;Python
69,C#;HTML/CSS;Java;JavaScript;Objective-C;SQL;TypeScript
70,C#;HTML/CSS;JavaScript;SQL
71,HTML/CSS;JavaScript;PHP;Python;SQL;VBA
72,C#;HTML/CSS;JavaScript;PHP;SQL;TypeScript
73,SQL
74,HTML/CSS;Java;JavaScript;Kotlin;Python;Ruby
75,HTML/CSS;JavaScript
76,PHP;SQL
77,HTML/CSS;JavaScript;PHP;SQL
78,HTML/CSS;Java;JavaScript;Kotlin;Python
79,C#;HTML/CSS;JavaScript;TypeScript
80,Bash/Shell/PowerShell;C#;F#;Go;HTML/CSS;Java;JavaScript;Python;SQL;TypeScript
81,Assembly;Bash/Shell/PowerShell;C;C++;Python
82,Bash/Shell/PowerShell;C++;HTML/CSS;Java;JavaScript;Python;Rust
83,HTML/CSS;JavaScript
84,C;C++;C#;Java;Kotlin;PHP;SQL
85,Bash/Shell/PowerShell;HTML/CSS;JavaScript;PHP;Python;SQL;TypeScript
86,Bash/Shell/PowerShell;C#;HTML/CSS;JavaScript;PHP;Python;SQL
87,Bash/Shell/PowerShell;C;C++;C#;Go;HTML/CSS;Java;JavaScript;Objective-C;Python;SQL
88,C++;C#;HTML/CSS;Java;JavaScript;SQL;TypeScript
89,Bash/Shell/PowerShell;Python
90,Bash/Shell/PowerShell;C#;HTML/CSS;Java;JavaScript;Objective-C;PHP;Python;Ruby;SQL;Swift;TypeScript
91,HTML/CSS;JavaScript;TypeScript
92,HTML/CSS;Java;JavaScript;Kotlin;SQL;VBA
93,Python;SQL
94,C#;HTML/CSS;JavaScript;SQL
95,C#;HTML/CSS;JavaScript;Python;R;SQL
96,C;C++;Java;Python;R;Scala;SQL
97,Bash/Shell/PowerShell;JavaScript;Python;R;SQL
98,HTML/CSS;Java;JavaScript;SQL
99,C;C++;HTML/CSS;Java;JavaScript;Kotlin;PHP;Python;SQL
100,HTML/CSS;JavaScript;Ruby;SQL;TypeScript
101,Bash/Shell/PowerShell;HTML/CSS;JavaScript;SQL
102,C#;HTML/CSS;JavaScript;SQL;TypeScript
103,Clojure;Go;Java;Kotlin
104,C#;HTML/CSS;TypeScript
105,Bash/Shell/PowerShell;HTML/CSS;JavaScript;SQL
106,Bash/Shell/PowerShell;HTML/CSS;Java;JavaScript;Python;SQL
107,HTML/CSS;Java;Python
108,C++;Python
109,C#;HTML/CSS;JavaScript;SQL
110,Python;SQL
111,Bash/Shell/PowerShell;C#;HTML/CSS;JavaScript;Python;SQL;VBA
112,Assembly;C;C++;C#;HTML/CSS;Java;JavaScript;Python;VBA
113,Bash/Shell/PowerShell;C;C++
114,Bash/Shell/PowerShell;C++;Erlang;JavaScript;PHP;Python
115,Assembly;C#;HTML/CSS;Java;JavaScript;SQL;Swift
116,Scala;Other(s):
117,C#;HTML/CSS;JavaScript;SQL;TypeScript
118,Bash/Shell/PowerShell;C;C++
119,C;C++;C#;HTML/CSS;Java;JavaScript;SQL
120,Elixir;HTML/CSS;JavaScript;Python;Ruby;SQL
121,Bash/Shell/PowerShell;C;C++;HTML/CSS;JavaScript;Python
122,Assembly;Bash/Shell/PowerShell;C++;Python;SQL
123,HTML/CSS;JavaScript;TypeScript
124,HTML/CSS;Java;SQL
125,Bash/Shell/PowerShell;Dart;HTML/CSS;Java;JavaScript;Scala
126,C#;SQL
127,Bash/Shell/PowerShell;C;Python
128,Bash/Shell/PowerShell;Go;Ruby
129,C++;Python;R
130,Bash/Shell/PowerShell;C++;Clojure;HTML/CSS;Java;Python;Ruby;SQL
131,Java
132,Bash/Shell/PowerShell;C++;C#;HTML/CSS;Java;JavaScript;Objective-C;Python;TypeScript
133,JavaScript;PHP;SQL
134,C;C++;HTML/CSS;JavaScript;SQL
135,Go;HTML/CSS;JavaScript;TypeScript
136,C#;Java;PHP;Python
137,HTML/CSS;Java;JavaScript;PHP;SQL
139,Bash/Shell/PowerShell;HTML/CSS;JavaScript;PHP;Python;SQL
140,Java;JavaScript;Kotlin;PHP;SQL
141,Assembly;Bash/Shell/PowerShell;C;C++;HTML/CSS;Java;JavaScript;Python;SQL;TypeScript
142,Bash/Shell/PowerShell;C#
143,C;HTML/CSS;Java;JavaScript;Python;SQL;TypeScript
144,Java;SQL
145,Assembly;C++;Python;VBA
146,Bash/Shell/PowerShell;C;Python;Scala
147,HTML/CSS;Java;JavaScript;Kotlin
148,HTML/CSS;JavaScript;TypeScript
149,Bash/Shell/PowerShell;HTML/CSS;JavaScript;Python;SQL
150,Bash/Shell/PowerShell;C#;HTML/CSS;Java;JavaScript;Python;SQL
151,Bash/Shell/PowerShell;C++;C#;HTML/CSS;Java;JavaScript;SQL;TypeScript
152,HTML/CSS;Java;JavaScript;Kotlin;Objective-C;Python;Swift;Other(s):
153,C;C++;Python
154,HTML/CSS;Java;JavaScript;PHP;SQL;VBA
155,Bash/Shell/PowerShell;HTML/CSS;JavaScript;TypeScript
156,Bash/Shell/PowerShell;Python
157,Bash/Shell/PowerShell;C#;HTML/CSS;JavaScript;SQL
158,Java;SQL;Other(s):
159,Bash/Shell/PowerShell;HTML/CSS;JavaScript;Python
160,C#
161,HTML/CSS;JavaScript;PHP
162,Bash/Shell/PowerShell;C++;HTML/CSS;Java;JavaScript;PHP;SQL
163,C#;HTML/CSS;JavaScript;SQL;Other(s):
164,C#;HTML/CSS;JavaScript;SQL
165,Assembly;Bash/Shell/PowerShell;C;C++;C#;JavaScript;Python;SQL
166,Bash/Shell/PowerShell;Go;HTML/CSS;Java;JavaScript;Ruby;SQL
167,HTML/CSS;Java;JavaScript;PHP;Python;SQL
168,Bash/Shell/PowerShell;Python
169,C;C++;HTML/CSS;Java;JavaScript;PHP;Python;SQL
170,Clojure;Go;HTML/CSS;Java;JavaScript;Python;Ruby;TypeScript
171,Assembly;C;C++;C#;HTML/CSS;Java;Objective-C;PHP;Python;R;SQL;Swift
172,HTML/CSS;JavaScript;Objective-C;SQL
173,HTML/CSS;JavaScript;PHP;SQL;TypeScript
174,Bash/Shell/PowerShell;C;C++;HTML/CSS;Java;JavaScript;PHP;Python;R
175,Assembly;Bash/Shell/PowerShell;C;C++;HTML/CSS;Java;JavaScript;PHP;Python;SQL
176,C;C++;C#;HTML/CSS;Java;JavaScript;Python;SQL
177,C#;Python;SQL
178,JavaScript;PHP;Python;Ruby;SQL;TypeScript
179,HTML/CSS;Java;JavaScript;Objective-C;SQL;Swift
181,HTML/CSS;JavaScript
182,Bash/Shell/PowerShell;C;C++;Go;HTML/CSS;Java;JavaScript;PHP;Python;Rust;SQL;TypeScript
183,Dart;Go;Java;Kotlin;Swift
184,Bash/Shell/PowerShell;C;C++;Java;JavaScript;Kotlin;Objective-C;Python;Rust;Swift
185,Bash/Shell/PowerShell;Java;Kotlin
186,Assembly;C;C++;HTML/CSS;Java;JavaScript;Python
187,HTML/CSS;JavaScript;Ruby;Scala;SQL
188,C#;Python;R;SQL;VBA
189,C++;HTML/CSS;JavaScript;Python;SQL
190,Java;Scala;SQL;TypeScript
191,C#;HTML/CSS;JavaScript;SQL;TypeScript
192,Bash/Shell/PowerShell;JavaScript;Python
193,Bash/Shell/PowerShell;HTML/CSS;JavaScript;Ruby;SQL
194,Assembly;Bash/Shell/PowerShell;C;HTML/CSS;Java;JavaScript;PHP
195,C#;TypeScript;Other(s):
196,C#;HTML/CSS;JavaScript;SQL;TypeScript
197,HTML/CSS;R;VBA
198,HTML/CSS;Java;JavaScript;Python;SQL
199,R;SQL
200,Java;JavaScript;SQL;VBA
201,Bash/Shell/PowerShell;Go;HTML/CSS;Java;JavaScript;Python;Scala
202,Bash/Shell/PowerShell;C;C++;C#;HTML/CSS;Java;JavaScript;Objective-C;Python;SQL;TypeScript
203,C;C++;HTML/CSS;JavaScript;PHP;SQL
204,Python;Other(s):
205,C#;HTML/CSS;JavaScript;PHP
206,Scala;SQL
207,Java
208,Other(s):
209,Bash/Shell/PowerShell;HTML/CSS;JavaScript;PHP;Python;SQL
210,C++;Go;Java;JavaScript;Python;Rust;WebAssembly
211,C#;HTML/CSS;Java;JavaScript;Objective-C;SQL
212,C#;HTML/CSS;Java;JavaScript;PHP
213,Go;Python
214,R;Other(s):
215,Python;Rust
216,Go;Java;Python
217,Go;HTML/CSS;JavaScript;PHP;TypeScript
218,HTML/CSS;JavaScript;PHP;SQL
219,C#;HTML/CSS;JavaScript;SQL
220,C#;HTML/CSS;JavaScript;SQL
221,C;C++;HTML/CSS;Java;JavaScript;PHP;SQL
222,Assembly;Bash/Shell/PowerShell;C;HTML/CSS;JavaScript;Other(s):
223,Java;Kotlin
224,Go
225,Bash/Shell/PowerShell;C;C++;C#;HTML/CSS;Java;JavaScript;PHP;Python;R;SQL
226,HTML/CSS;JavaScript;PHP;Python;SQL
227,Bash/Shell/PowerShell;HTML/CSS;JavaScript;Python;SQL
228,HTML/CSS;Java;JavaScript;Python;Scala;SQL
229,HTML/CSS;Java;JavaScript;Python;TypeScript
230,Bash/Shell/PowerShell;Go;Python
231,Elixir;Go;JavaScript;Ruby;SQL
232,Bash/Shell/PowerShell;C#;Dart;HTML/CSS;JavaScript
233,C++;Python
234,Bash/Shell/PowerShell;C;Python
235,HTML/CSS;Java;Python;SQL
236,HTML/CSS;JavaScript
237,C++;JavaScript;Rust
238,HTML/CSS;JavaScript;Objective-C;PHP;Python
239,C#;HTML/CSS;JavaScript;TypeScript
240,Bash/Shell/PowerShell;HTML/CSS;Java;JavaScript;Python;SQL
241,Bash/Shell/PowerShell;C#;HTML/CSS;JavaScript;SQL
242,HTML/CSS;Java;JavaScript;SQL;TypeScript
243,C;C++;C#;HTML/CSS;Java;JavaScript;Objective-C;PHP;Python;Swift
244,Assembly;Bash/Shell/PowerShell;C;Python;VBA
245,C#;JavaScript;TypeScript
246,C#;HTML/CSS;JavaScript;SQL;TypeScript
247,C++;C#
248,HTML/CSS;Java;JavaScript;Python;SQL
249,Bash/Shell/PowerShell;C#;HTML/CSS;Java;Python;SQL
250,Python;Other(s):
251,Assembly;C;C++;C#;HTML/CSS;JavaScript;Python;VBA
252,HTML/CSS;JavaScript;Rust;Swift;Other(s):
253,Bash/Shell/PowerShell;HTML/CSS;JavaScript;PHP;Ruby;SQL
254,C#;Python;SQL;TypeScript
255,Bash/Shell/PowerShell;C;HTML/CSS;Java;JavaScript;Python;TypeScript;Other(s):
256,C;C++;Java
257,Bash/Shell/PowerShell;Other(s):
258,C;HTML/CSS;Java;JavaScript;PHP;Python
259,C#;HTML/CSS;Java;JavaScript;Python;SQL;TypeScript
260,Bash/Shell/PowerShell;HTML/CSS;Java;JavaScript;PHP;SQL
261,HTML/CSS;JavaScript
262,C++;C#;HTML/CSS;Java;JavaScript;PHP;Python;SQL;TypeScript
263,HTML/CSS;JavaScript;Kotlin;Python
264,HTML/CSS;Java;JavaScript;Python;SQL;Other(s):
265,HTML/CSS;JavaScript
266,HTML/CSS;JavaScript;TypeScript;Other(s):
267,HTML/CSS;JavaScript;Python;Ruby
268,C;Java;PHP;Ruby
269,C#;HTML/CSS;Java;JavaScript;SQL;Swift
270,C++;HTML/CSS;JavaScript
271,C#;JavaScript;SQL
272,HTML/CSS;JavaScript;PHP
273,Bash/Shell/PowerShell;C++;Clojure;Erlang;HTML/CSS;Java;JavaScript;Ruby;Scala
274,Java;JavaScript
275,C#;HTML/CSS;Java;JavaScript;Objective-C;Python;Ruby;Rust;SQL;TypeScript
276,HTML/CSS;Java;JavaScript;Scala;SQL
277,Bash/Shell/PowerShell;C;C++;Python
278,Bash/Shell/PowerShell;C#;HTML/CSS;JavaScript;PHP;Python;SQL
279,HTML/CSS;Java;JavaScript;PHP;Python;SQL
280,C#;HTML/CSS;JavaScript;SQL;TypeScript
281,C#;HTML/CSS;Java;JavaScript;TypeScript
282,Python;SQL;Swift
283,HTML/CSS;JavaScript;TypeScript
284,Assembly;Bash/Shell/PowerShell;C;C++;C#;Java
285,C#;HTML/CSS;JavaScript;PHP;SQL
286,Dart;HTML/CSS;JavaScript;Python;TypeScript;Other(s):
287,Java;Kotlin
288,HTML/CSS;JavaScript;PHP;SQL
289,C++;C#;PHP;Rust;TypeScript
290,HTML/CSS;PHP;Python
291,Go;HTML/CSS;Python;SQL;TypeScript
292,Bash/Shell/PowerShell;C#;HTML/CSS;JavaScript;SQL;TypeScript
293,HTML/CSS;Java;JavaScript;SQL
295,C;C++;C#;HTML/CSS;Java;JavaScript;Kotlin;PHP;Python;Ruby;SQL;TypeScript;WebAssembly
296,HTML/CSS;Java;JavaScript;SQL
297,HTML/CSS;Java;JavaScript;SQL;TypeScript
298,HTML/CSS;JavaScript;PHP;SQL;Other(s):
299,Assembly;C;C++;Java;Python;SQL
300,HTML/CSS;Java;JavaScript;SQL
301,C++;C#;Clojure;JavaScript;PHP;Python;SQL;VBA
302,Bash/Shell/PowerShell;C#;Python;Other(s):
303,JavaScript
304,Bash/Shell/PowerShell;Go;HTML/CSS;JavaScript;Python;Rust;SQL
305,C#;HTML/CSS;JavaScript;SQL
306,C;HTML/CSS;JavaScript;Python;SQL;TypeScript
307,Assembly;Bash/Shell/PowerShell;C;HTML/CSS;Java;PHP;Python;R;SQL
308,HTML/CSS;JavaScript;Ruby
309,Java
310,C#;HTML/CSS;JavaScript;SQL;Swift
311,Assembly;C;C++;C#;HTML/CSS;Java;Python;Scala;SQL
312,Bash/Shell/PowerShell;Python;Ruby;SQL
313,C;C#;HTML/CSS;PHP;Python
314,C;Python
315,C++;HTML/CSS;Java;JavaScript;Python;SQL;Other(s):
316,Bash/Shell/PowerShell;C++;HTML/CSS;Java;JavaScript;Python
317,Java;SQL
318,Bash/Shell/PowerShell;Java
319,Bash/Shell/PowerShell;HTML/CSS;JavaScript;PHP;TypeScript
320,C#;HTML/CSS;JavaScript;SQL;TypeScript
321,HTML/CSS;Java;JavaScript;Ruby;SQL;TypeScript
322,C#;HTML/CSS;Java;Python
323,Bash/Shell/PowerShell;C#;HTML/CSS;JavaScript;SQL
324,C#;HTML/CSS;JavaScript;SQL;TypeScript
325,Assembly;Bash/Shell/PowerShell;C;C++;C#;HTML/CSS;Java;JavaScript;PHP;Python
326,Bash/Shell/PowerShell;HTML/CSS;Java;JavaScript;PHP;Python;SQL;TypeScript
327,HTML/CSS;Java;JavaScript;PHP;Python;SQL
328,HTML/CSS;Java;JavaScript;TypeScript
329,C;C++;C#;F#;HTML/CSS;JavaScript;Rust;SQL;TypeScript;Other(s):
330,Java;Kotlin
331,Bash/Shell/PowerShell;C++;C#;Python
332,Bash/Shell/PowerShell;HTML/CSS;JavaScript;Objective-C;Python;SQL;Swift;TypeScript
333,Python;Rust;Scala
334,Bash/Shell/PowerShell;C;C++;Python
335,C#;HTML/CSS;Java;JavaScript;Python;SQL;Swift
336,Bash/Shell/PowerShell;JavaScript;Python;Rust;SQL;TypeScript
337,Python;R
338,Bash/Shell/PowerShell;HTML/CSS;Java;Python;SQL
339,Bash/Shell/PowerShell;Dart;Go;HTML/CSS;Java;JavaScript;Python;Rust;SQL;Swift
340,C#;HTML/CSS;SQL
341,C++;C#;SQL
342,HTML/CSS;Java;JavaScript;Python;SQL;TypeScript
343,C++
344,Assembly;C#;HTML/CSS;JavaScript;SQL
345,Java;JavaScript
346,Java
347,Java
348,HTML/CSS;PHP
349,C;C++;HTML/CSS;Python
350,C;C++;Elixir;HTML/CSS;Java;Kotlin;PHP;Ruby;SQL;Other(s):
351,Assembly;C;C++;Java;JavaScript;Python;SQL
352,HTML/CSS;JavaScript;Ruby;TypeScript
353,HTML/CSS;JavaScript;TypeScript
354,HTML/CSS;Java;JavaScript;Kotlin;TypeScript
355,Bash/Shell/PowerShell;Go;HTML/CSS;Java;JavaScript;Kotlin;TypeScript
356,HTML/CSS;JavaScript;PHP;Python;SQL
357,HTML/CSS;TypeScript
358,C;C++;C#;HTML/CSS;JavaScript;PHP;SQL;TypeScript
359,Java;JavaScript;Python
360,Bash/Shell/PowerShell;HTML/CSS;JavaScript;Python;TypeScript
361,Elixir;Erlang;F#;Go;HTML/CSS;JavaScript;PHP;SQL
362,HTML/CSS;Java;JavaScript;SQL
363,Bash/Shell/PowerShell;HTML/CSS;Java;JavaScript;Objective-C;Python;SQL;TypeScript
364,Bash/Shell/PowerShell;HTML/CSS;JavaScript;PHP;Python;SQL;TypeScript
365,Java;SQL
366,HTML/CSS;PHP;SQL
367,HTML/CSS;JavaScript
368,Go;HTML/CSS;JavaScript;PHP;Python;SQL;TypeScript
369,Python
370,R;SQL
371,Bash/Shell/PowerShell;SQL
372,Bash/Shell/PowerShell;C#;HTML/CSS;Java;Python;SQL
373,C#;HTML/CSS;Java;JavaScript;Python
374,HTML/CSS;Python;SQL;TypeScript
375,Bash/Shell/PowerShell;HTML/CSS;Java;JavaScript;Python;SQL
376,C++;Python
377,HTML/CSS;JavaScript;PHP;SQL
378,C#;HTML/CSS;JavaScript;SQL;TypeScript
379,Bash/Shell/PowerShell;C;C#;Java;Python
380,Bash/Shell/PowerShell;JavaScript;Python
381,C#;Go;HTML/CSS;Java;JavaScript;Python;R;SQL
382,C#;HTML/CSS;Java;JavaScript;PHP;Python;SQL
383,Bash/Shell/PowerShell
384,Bash/Shell/PowerShell;Go;SQL;TypeScript
385,HTML/CSS;Java;JavaScript;Python;R;SQL;VBA
386,HTML/CSS;JavaScript;PHP
387,Java;Python
388,C;HTML/CSS;Java;JavaScript;PHP;SQL;TypeScript
389,Bash/Shell/PowerShell;JavaScript;Objective-C;Ruby;Swift
390,Bash/Shell/PowerShell;HTML/CSS;Java;Kotlin;Python;Scala
391,Bash/Shell/PowerShell;HTML/CSS;JavaScript;PHP;Python;SQL
392,Bash/Shell/PowerShell;C#;HTML/CSS;JavaScript;Python;SQL;TypeScript;VBA
393,Java;Kotlin;PHP;SQL
394,C#;HTML/CSS;TypeScript;Other(s):
395,HTML/CSS;Java;JavaScript;SQL
396,HTML/CSS;JavaScript
397,HTML/CSS;JavaScript;PHP;Ruby;Rust;SQL
398,Bash/Shell/PowerShell;C;C++;HTML/CSS;Java;JavaScript;Python;SQL;VBA
399,C++
400,Bash/Shell/PowerShell;C++;Java;Kotlin;PHP
401,JavaScript;Python;Ruby;SQL;TypeScript
402,C#
403,Bash/Shell/PowerShell;C;C#;F#;HTML/CSS;JavaScript;PHP;Python;SQL
404,C#;SQL;TypeScript
405,Java;JavaScript;TypeScript
406,HTML/CSS;Java;JavaScript;PHP;SQL;TypeScript
407,C;C++;HTML/CSS;Java;JavaScript;Python;SQL
408,Assembly;Bash/Shell/PowerShell;C;C++;Go;HTML/CSS;Java;JavaScript;Python;R;Rust;SQL;TypeScript;WebAssembly
409,Bash/Shell/PowerShell;C#;Go;HTML/CSS;JavaScript;PHP
410,Bash/Shell/PowerShell;C#;HTML/CSS;JavaScript;SQL
411,C;C++;JavaScript;Python;R;SQL
412,HTML/CSS;JavaScript;PHP;Python;SQL
413,Bash/Shell/PowerShell;HTML/CSS;JavaScript;PHP;SQL;TypeScript
414,Bash/Shell/PowerShell;JavaScript;Python;SQL
415,HTML/CSS;JavaScript;Ruby
416,C;C++;C#;HTML/CSS;JavaScript;SQL;TypeScript
417,HTML/CSS;JavaScript
418,HTML/CSS;JavaScript;SQL;VBA
419,C;C++;C#;HTML/CSS;Java;JavaScript;PHP;Python;R;SQL
420,HTML/CSS;JavaScript;Python
421,Bash/Shell/PowerShell;HTML/CSS;JavaScript;TypeScript
422,Bash/Shell/PowerShell;C;C#;HTML/CSS;JavaScript;Python;Other(s):
423,C++;C#
424,C;C++
425,Bash/Shell/PowerShell;C;HTML/CSS;JavaScript;PHP;SQL;VBA
426,Java
427,C#;HTML/CSS;JavaScript;SQL;TypeScript
428,Bash/Shell/PowerShell;Java;Python
429,C#
430,Assembly;C++;C#;HTML/CSS;Java;JavaScript;Objective-C;PHP;SQL;Other(s):
431,VBA;Other(s):
432,HTML/CSS;Java;JavaScript;SQL;TypeScript;VBA;Other(s):
433,Bash/Shell/PowerShell;C;C++;HTML/CSS;Java;JavaScript;Python
434,Bash/Shell/PowerShell;C#;HTML/CSS;JavaScript;SQL
435,Bash/Shell/PowerShell;C#;HTML/CSS;JavaScript;Python;SQL;Swift
436,Bash/Shell/PowerShell;HTML/CSS;Java;JavaScript;PHP;Python;SQL
438,Bash/Shell/PowerShell;C;C++;Go;HTML/CSS;JavaScript;R;SQL
439,Bash/Shell/PowerShell;C#;HTML/CSS;Java;JavaScript;PHP;Python;SQL;TypeScript
440,Bash/Shell/PowerShell;C++;HTML/CSS;Java;PHP;SQL
441,C#;HTML/CSS;Java;JavaScript;PHP
442,HTML/CSS;JavaScript
443,HTML/CSS;JavaScript;TypeScript
444,Bash/Shell/PowerShell;C;C++;HTML/CSS;Python
445,C#;SQL
446,Bash/Shell/PowerShell;HTML/CSS;Java;JavaScript;Python
447,Bash/Shell/PowerShell;Java;Python
448,Bash/Shell/PowerShell;Java;SQL;Other(s):
449,Bash/Shell/PowerShell;C#;HTML/CSS;Java;JavaScript;TypeScript;Other(s):
450,C#;HTML/CSS;JavaScript;TypeScript
451,Bash/Shell/PowerShell;C;C++;C#;Java;Python;Rust
452,SQL;VBA
453,C++;C#;SQL
454,Bash/Shell/PowerShell;Elixir;HTML/CSS;JavaScript;Ruby;SQL;Other(s):
455,C++;Python;Ruby
456,Bash/Shell/PowerShell;JavaScript;Python;SQL
457,HTML/CSS;JavaScript
458,Assembly;C;Python;Rust
459,C#;SQL
460,Bash/Shell/PowerShell;C#;HTML/CSS;JavaScript;PHP;Python
461,HTML/CSS;JavaScript;PHP;SQL
462,Bash/Shell/PowerShell;C#;HTML/CSS;JavaScript;Python;SQL
463,HTML/CSS;Java;JavaScript;PHP;SQL;Other(s):
464,C;Python
465,Bash/Shell/PowerShell;C#;HTML/CSS;JavaScript;SQL;TypeScript
466,HTML/CSS;JavaScript;TypeScript
467,Java;Kotlin;Python;SQL
468,Bash/Shell/PowerShell;C#;HTML/CSS;Java;JavaScript;Kotlin;SQL;Other(s):
469,Bash/Shell/PowerShell;JavaScript;PHP;SQL
470,HTML/CSS;Java;JavaScript;PHP;SQL;TypeScript;Other(s):
471,Java;JavaScript
472,HTML/CSS;JavaScript;PHP;Python;SQL
473,C#;JavaScript
474,Java;JavaScript;Other(s):
475,C#;HTML/CSS;JavaScript;PHP;TypeScript
476,HTML/CSS;JavaScript;PHP;Scala
477,Bash/Shell/PowerShell;HTML/CSS;JavaScript;PHP;SQL;TypeScript
478,C++;HTML/CSS;JavaScript;PHP;Python;Ruby;SQL
479,C#;HTML/CSS;JavaScript;SQL;Other(s):
480,C;C++;Dart;Java;Python
481,Bash/Shell/PowerShell;Kotlin
482,Bash/Shell/PowerShell;HTML/CSS;PHP
483,Bash/Shell/PowerShell;C#;HTML/CSS;Java;JavaScript;PHP;Python;SQL
484,HTML/CSS;Java;PHP;Python;SQL
485,Java;JavaScript;Scala
486,Bash/Shell/PowerShell;HTML/CSS;JavaScript;TypeScript
487,Bash/Shell/PowerShell;C++;C#;HTML/CSS;JavaScript;PHP;SQL;TypeScript
488,C;C++;C#;Java
489,C++;Python
490,HTML/CSS;JavaScript;Ruby
491,Java;Objective-C
492,Bash/Shell/PowerShell;Go;HTML/CSS;JavaScript
493,C#;Java;SQL;Other(s):
494,Assembly;C;Erlang;HTML/CSS;Java;JavaScript;Python;SQL
495,R
496,Bash/Shell/PowerShell;Python;SQL
497,Dart;JavaScript;Kotlin;PHP;SQL;Swift;TypeScript
498,C++;HTML/CSS;JavaScript;Python
499,Bash/Shell/PowerShell;HTML/CSS;Java;JavaScript;PHP;Ruby;SQL;VBA
500,C++;C#
501,HTML/CSS
502,C++;C#
503,Bash/Shell/PowerShell;HTML/CSS;JavaScript;PHP;SQL;TypeScript
504,Bash/Shell/PowerShell;Python;SQL
505,C;C++;HTML/CSS;Java;SQL
506,Java
507,Go;HTML/CSS;Java;JavaScript;PHP;Python;SQL;TypeScript
508,C;C++;HTML/CSS;JavaScript
509,Bash/Shell/PowerShell;HTML/CSS;JavaScript;PHP;Python;SQL
510,Python
511,HTML/CSS;JavaScript;Ruby;SQL;TypeScript
512,Bash/Shell/PowerShell;Python;Other(s):
513,C++;Rust
514,HTML/CSS;JavaScript;Python;Ruby;TypeScript
515,C++;HTML/CSS;Java;JavaScript;PHP;Python;SQL
516,Bash/Shell/PowerShell;C++;Python
517,Assembly;C++;F#;HTML/CSS;PHP;Python;R;Rust;TypeScript;Other(s):
518,C;HTML/CSS;Java;JavaScript;SQL
519,HTML/CSS;PHP
520,HTML/CSS;Java;JavaScript;Python;SQL;TypeScript
521,HTML/CSS;JavaScript
522,HTML/CSS;Python
523,Bash/Shell/PowerShell;HTML/CSS;JavaScript;Python;R
524,Python;Other(s):
525,C#;SQL;VBA
526,Bash/Shell/PowerShell;C#;HTML/CSS;JavaScript;SQL
527,HTML/CSS;JavaScript;Objective-C;Swift
528,Bash/Shell/PowerShell;Java;JavaScript;Python;SQL
529,Bash/Shell/PowerShell;HTML/CSS;Java;JavaScript;PHP;Python;SQL;TypeScript
530,C;C++;C#
531,C#
532,Bash/Shell/PowerShell;C;C++;Java;Python
533,C#;Java;JavaScript;SQL
535,Elixir;VBA
536,C#;HTML/CSS;Java;JavaScript;PHP;Python;SQL
537,C#;HTML/CSS;JavaScript;SQL;TypeScript;Other(s):
538,HTML/CSS;Java;JavaScript;PHP;R;SQL;TypeScript
539,Bash/Shell/PowerShell;JavaScript;Python;SQL
540,JavaScript;Python
541,Bash/Shell/PowerShell;C#;HTML/CSS;JavaScript;Python;SQL;TypeScript;Other(s):
542,Bash/Shell/PowerShell;C#;HTML/CSS;Java;JavaScript;Python;R;SQL
543,C;C#;HTML/CSS;Java;JavaScript;Kotlin;PHP;TypeScript
544,Assembly;Bash/Shell/PowerShell;C;C++;Go;HTML/CSS;JavaScript;Objective-C;PHP;Python;SQL
545,Bash/Shell/PowerShell;C++;C#;Go;HTML/CSS;JavaScript;PHP;Python;SQL;TypeScript;Other(s):
546,C;Java;SQL
547,C#;HTML/CSS;JavaScript;SQL
548,Python;SQL;VBA
550,C#;HTML/CSS;JavaScript;SQL
551,Assembly;Bash/Shell/PowerShell;C;C++;HTML/CSS;Java;JavaScript;Python;R;Scala;SQL
552,HTML/CSS;Java;JavaScript;PHP
553,C#;HTML/CSS;JavaScript;Python;SQL;TypeScript
554,Go;JavaScript;PHP;Ruby;SQL;TypeScript
555,C#;HTML/CSS;JavaScript;SQL
556,Bash/Shell/PowerShell;HTML/CSS;Java;JavaScript;Python;SQL
557,C;C++;PHP;Python;SQL;VBA
558,Bash/Shell/PowerShell;C;HTML/CSS;Java;JavaScript;Kotlin;PHP;SQL;TypeScript
559,Bash/Shell/PowerShell;C;C++;C#;HTML/CSS;Java;PHP;Python;SQL;VBA
560,Bash/Shell/PowerShell;C#;HTML/CSS;JavaScript;PHP;SQL
561,HTML/CSS;Java;JavaScript;Python;Ruby;SQL
562,C#;JavaScript;SQL
563,Assembly;Bash/Shell/PowerShell;C;C++;Python;SQL
564,C;C++;Python;R;SQL;Other(s):
565,Bash/Shell/PowerShell;HTML/CSS;JavaScript;PHP;SQL
566,Bash/Shell/PowerShell;C#;HTML/CSS;JavaScript
567,Bash/Shell/PowerShell;C;Java;JavaScript;Objective-C;Rust;Swift;Other(s):
568,C++;C#;Clojure;HTML/CSS;JavaScript;Python;SQL
569,Bash/Shell/PowerShell;HTML/CSS;JavaScript;Python
571,Assembly;Bash/Shell/PowerShell;C;C++;Erlang;R;Rust;Scala
572,Assembly;C;C++;Java;JavaScript;Kotlin;PHP;Python;Rust;SQL;TypeScript
573,Assembly;Bash/Shell/PowerShell;C;HTML/CSS;PHP;Python;SQL
574,Bash/Shell/PowerShell;HTML/CSS;JavaScript;PHP;Python;Ruby
575,Bash/Shell/PowerShell;Go;Python;SQL
576,C#;HTML/CSS;JavaScript;Ruby;SQL;TypeScript
577,Bash/Shell/PowerShell;Python;Other(s):
578,Bash/Shell/PowerShell;HTML/CSS;Java;JavaScript;SQL;Swift
579,Bash/Shell/PowerShell;C++;C#;HTML/CSS;Java;JavaScript;Python
580,Bash/Shell/PowerShell;HTML/CSS;Java;JavaScript;Python;Scala;SQL
581,Bash/Shell/PowerShell;HTML/CSS;JavaScript;PHP;TypeScript
582,C;C++;C#;HTML/CSS;Java;JavaScript;PHP;Python;SQL
583,Java;Ruby;Scala;SQL;Other(s):
584,Java;Python
585,C#;Java;Python;R;VBA
586,Java;Python;Ruby
587,Bash/Shell/PowerShell;C#;Java;Other(s):
588,C#
589,C#;HTML/CSS;JavaScript;SQL;VBA
590,C#;SQL
591,C#;JavaScript
592,C;C++;HTML/CSS;PHP;Python;SQL
594,HTML/CSS;Java;JavaScript;Kotlin;PHP
595,C#;HTML/CSS;JavaScript;SQL;TypeScript
596,Bash/Shell/PowerShell;C;C++;HTML/CSS;Java;JavaScript;Python;SQL;TypeScript
597,Java;JavaScript;PHP;Python;SQL
598,Assembly;Bash/Shell/PowerShell;C;C++;C#;HTML/CSS;JavaScript;PHP;Python;SQL
599,Bash/Shell/PowerShell;HTML/CSS;JavaScript;PHP;Ruby;SQL
600,Bash/Shell/PowerShell;HTML/CSS;Java;PHP;Python;SQL
601,HTML/CSS;PHP;SQL
602,C++;C#;HTML/CSS;Java;JavaScript;PHP;Python;SQL;Swift;TypeScript
603,Bash/Shell/PowerShell;HTML/CSS;Java;JavaScript
604,Bash/Shell/PowerShell;C#;HTML/CSS;JavaScript;PHP;SQL;TypeScript
605,Java;Kotlin
606,Bash/Shell/PowerShell;Clojure;HTML/CSS;Java;JavaScript;PHP;Python;Ruby;TypeScript
607,C#;JavaScript;SQL
608,Bash/Shell/PowerShell;C;C++;Erlang;Go;HTML/CSS;Java;Python;SQL
609,HTML/CSS;JavaScript;Python
610,Bash/Shell/PowerShell;C;C++;Go;HTML/CSS;Java;JavaScript;PHP;Python;Rust;SQL;TypeScript;Other(s):
611,Bash/Shell/PowerShell;HTML/CSS;JavaScript;PHP;SQL
612,Python;Other(s):
613,Assembly;Bash/Shell/PowerShell;C;C++;C#;F#;HTML/CSS;JavaScript;Python;TypeScript
614,Bash/Shell/PowerShell;C;C++;C#;HTML/CSS;Java;Python;SQL;TypeScript
615,C#;HTML/CSS;JavaScript;Python;SQL;TypeScript;VBA
616,Ruby;SQL
617,Bash/Shell/PowerShell;C#;HTML/CSS;Java;JavaScript;SQL
618,C;C++;C#;Java;PHP;SQL
619,Assembly;Bash/Shell/PowerShell;C;C++;C#;HTML/CSS;Java;JavaScript;PHP;SQL
620,HTML/CSS;Java;JavaScript;SQL;TypeScript;WebAssembly
621,Bash/Shell/PowerShell;SQL;Other(s):
622,Java;Objective-C;SQL;Swift
623,Objective-C;Swift
624,C++;HTML/CSS;JavaScript;PHP;Python
625,Bash/Shell/PowerShell;HTML/CSS;JavaScript;Ruby;TypeScript
626,HTML/CSS;Java;JavaScript;SQL
627,Assembly;Bash/Shell/PowerShell;C++;C#;Go;HTML/CSS;JavaScript;Objective-C;PHP;Python;Ruby;SQL;Swift
628,Bash/Shell/PowerShell;JavaScript;SQL;TypeScript
629,Assembly;Bash/Shell/PowerShell;C;C++;C#;HTML/CSS;Java;Objective-C;SQL
630,C#;HTML/CSS;JavaScript;SQL;TypeScript
631,Bash/Shell/PowerShell;Go;HTML/CSS;JavaScript;Python;SQL
632,C#;HTML/CSS;JavaScript;SQL
633,C;C++;Python;Rust
634,C;C++;C#;HTML/CSS;Java;JavaScript;Objective-C;Scala;SQL;Swift;TypeScript
635,Bash/Shell/PowerShell;JavaScript;Python
636,Bash/Shell/PowerShell;C;C++;Go;Java
637,C++;C#;HTML/CSS;Java;JavaScript;SQL
638,Bash/Shell/PowerShell;C#;HTML/CSS;JavaScript;Rust
639,HTML/CSS;JavaScript;Kotlin;SQL;Swift
640,HTML/CSS;JavaScript;SQL
641,C#;HTML/CSS;Java;JavaScript;Kotlin;PHP;SQL;Swift
642,Bash/Shell/PowerShell;C++;HTML/CSS;JavaScript;TypeScript
643,Bash/Shell/PowerShell;HTML/CSS;Java;JavaScript;PHP;Ruby;SQL
645,C++;C#;HTML/CSS;SQL
646,JavaScript;PHP;Python;SQL;VBA
647,Assembly;Bash/Shell/PowerShell;C;C++;C#;HTML/CSS;Rust;SQL;TypeScript
648,C#;HTML/CSS;JavaScript;SQL;VBA
649,Java;JavaScript;Python;SQL
650,Bash/Shell/PowerShell;C++;JavaScript;Python
651,Python
652,HTML/CSS;Java
653,C#;HTML/CSS;JavaScript;Kotlin;Objective-C;PHP;SQL;Swift
654,Clojure;HTML/CSS;Java;JavaScript
655,Assembly;C++;C#;Java;Scala;Other(s):
656,C++;Python;R;Other(s):
657,Bash/Shell/PowerShell;HTML/CSS;Java;JavaScript;SQL
658,C++;HTML/CSS;Java;JavaScript;TypeScript
659,Python
660,HTML/CSS;Java;JavaScript;Python;SQL;TypeScript
661,Bash/Shell/PowerShell;HTML/CSS;JavaScript;PHP;Python;SQL
662,Python;SQL;VBA
663,HTML/CSS;JavaScript;Python;SQL
664,HTML/CSS;Java;JavaScript;PHP
665,Ruby;SQL
666,Bash/Shell/PowerShell;HTML/CSS;JavaScript;Python;SQL
667,HTML/CSS;JavaScript
668,Bash/Shell/PowerShell;HTML/CSS;JavaScript;Python;SQL
669,Bash/Shell/PowerShell;C;Python;Rust;SQL
670,C#;HTML/CSS;JavaScript;SQL;Swift
671,Bash/Shell/PowerShell;HTML/CSS;Java;JavaScript;Kotlin;PHP;Python
672,C;C++;HTML/CSS;Java;JavaScript;PHP;SQL
673,C;C++;C#;HTML/CSS;JavaScript;PHP;SQL
674,C#;HTML/CSS;JavaScript;Python
675,C#;HTML/CSS;Java;JavaScript;SQL;VBA;Other(s):
676,Bash/Shell/PowerShell;Objective-C;Ruby;Swift
677,Other(s):
678,Java;JavaScript;Scala;SQL
679,C#;HTML/CSS;Python;SQL
680,C#;HTML/CSS;JavaScript;SQL
681,Bash/Shell/PowerShell;C;C++;C#;F#;HTML/CSS;Java;JavaScript;Python;R;Ruby;Scala;SQL
682,HTML/CSS;Objective-C;Swift
683,HTML/CSS;JavaScript;PHP;Python;SQL
684,C#;HTML/CSS;JavaScript;TypeScript
685,C#;HTML/CSS;Java;SQL
686,C#;SQL
687,C;C++;Java;Python;SQL;Other(s):
688,HTML/CSS;JavaScript;PHP;Python;SQL
689,C++;C#;HTML/CSS;Java;JavaScript;Other(s):
690,Assembly
691,HTML/CSS;JavaScript;PHP;SQL
692,HTML/CSS;Java;JavaScript;SQL
693,Bash/Shell/PowerShell;HTML/CSS;JavaScript;PHP;Python;SQL
694,C#;Go;HTML/CSS;Java;JavaScript;PHP;Python;SQL;VBA
695,C#;HTML/CSS;JavaScript;TypeScript
696,C#;SQL
697,Bash/Shell/PowerShell;HTML/CSS;JavaScript;Python
698,HTML/CSS;Java;JavaScript;Python
699,Bash/Shell/PowerShell;C;C++;C#;HTML/CSS;JavaScript;SQL
700,HTML/CSS;JavaScript;Python;SQL;TypeScript
701,Bash/Shell/PowerShell;C;C++;HTML/CSS;Java;JavaScript;Rust;SQL
702,C;C++;HTML/CSS;JavaScript;PHP;Python;SQL
703,Bash/Shell/PowerShell;C#;HTML/CSS;JavaScript;SQL
704,Dart;HTML/CSS;Java;PHP;SQL
705,Go;JavaScript
706,Java;Python;Scala;SQL
707,C#;HTML/CSS;JavaScript;Objective-C;PHP;Ruby;SQL
708,Bash/Shell/PowerShell;C++;Go;JavaScript;Python;SQL
709,JavaScript;TypeScript
710,Assembly;C;HTML/CSS;Java;JavaScript;Python;R
711,Java
712,HTML/CSS;JavaScript
713,HTML/CSS;JavaScript;PHP;SQL
714,Bash/Shell/PowerShell;HTML/CSS;JavaScript;PHP;SQL;VBA
715,HTML/CSS;JavaScript;PHP;SQL
716,HTML/CSS;JavaScript;PHP;Other(s):
717,C#;HTML/CSS;Java;PHP;SQL
718,C#;HTML/CSS;JavaScript;SQL;TypeScript
719,Bash/Shell/PowerShell;C++;C#;HTML/CSS;Java;JavaScript;Objective-C;PHP;Python;SQL;Swift
720,C#;HTML/CSS;JavaScript;PHP;SQL;TypeScript
721,Bash/Shell/PowerShell;Go;SQL;TypeScript
723,JavaScript;Python;R;Other(s):
724,Bash/Shell/PowerShell;C;C++;C#;HTML/CSS;Java;JavaScript;Python
725,C#;HTML/CSS;JavaScript;SQL
726,HTML/CSS;JavaScript;PHP;SQL;TypeScript
727,Bash/Shell/PowerShell;C;C++;HTML/CSS;JavaScript;Python;SQL
728,Python
729,Bash/Shell/PowerShell;Go;HTML/CSS;JavaScript;Python;SQL
730,C;HTML/CSS;JavaScript;PHP;SQL
731,C;C++;HTML/CSS;JavaScript;PHP;SQL
732,Bash/Shell/PowerShell;C#;F#;HTML/CSS;JavaScript;SQL;TypeScript
733,C#;HTML/CSS;JavaScript;SQL
734,C#;SQL
735,Bash/Shell/PowerShell;Java;JavaScript;Kotlin;Python
736,C#;HTML/CSS;Java;JavaScript;Objective-C;SQL;TypeScript
737,C;C++;Python
738,Bash/Shell/PowerShell;C;C++;HTML/CSS;Java;Python;R;SQL
739,Bash/Shell/PowerShell;Java;JavaScript;Swift
740,Bash/Shell/PowerShell;Java;PHP;Python
741,C++;C#;HTML/CSS;Java;JavaScript;PHP;Python;SQL;TypeScript
742,Go;JavaScript;Python;SQL;TypeScript
743,HTML/CSS;JavaScript;PHP;Ruby
744,C;C++;C#;HTML/CSS;JavaScript;Kotlin;Swift
745,Bash/Shell/PowerShell;HTML/CSS;Java;JavaScript;Kotlin;PHP;SQL;TypeScript
746,Go;HTML/CSS;Python
747,Bash/Shell/PowerShell;C#;HTML/CSS;Java;JavaScript;Python;R;Ruby;SQL;TypeScript
748,Java;JavaScript
749,C#;HTML/CSS;JavaScript;SQL
750,Dart;HTML/CSS;Java;Kotlin;Python
751,HTML/CSS;JavaScript;PHP;Python;SQL
752,C#
753,C#;HTML/CSS;JavaScript;TypeScript
754,Bash/Shell/PowerShell;HTML/CSS;JavaScript;PHP;Other(s):
755,Bash/Shell/PowerShell;C++;HTML/CSS;Java;JavaScript;Python;SQL
756,Bash/Shell/PowerShell;C;C++;HTML/CSS;Java;JavaScript;Kotlin;PHP;Python;SQL;Other(s):
757,C;SQL
758,Java;Python
759,Bash/Shell/PowerShell;Java;Python;Scala
760,C#;JavaScript;SQL;TypeScript
761,C#;HTML/CSS;Java;JavaScript;PHP;Python;SQL;TypeScript;VBA
762,C#;HTML/CSS;JavaScript;SQL
763,Python;Rust;TypeScript
764,C#;HTML/CSS;JavaScript;SQL
765,Java;JavaScript;Ruby
766,HTML/CSS;JavaScript;PHP
767,HTML/CSS;JavaScript;PHP;SQL
768,Bash/Shell/PowerShell;C#;Go;HTML/CSS;JavaScript;Python;SQL
769,Bash/Shell/PowerShell;C++;Dart;Go;HTML/CSS;Java;JavaScript;PHP;Python;R;Ruby;SQL;TypeScript
770,Go;HTML/CSS;JavaScript;Python;Ruby;SQL
771,Bash/Shell/PowerShell;Go;Java;SQL
772,C;C++;C#;TypeScript
773,Bash/Shell/PowerShell;C;C++;Go;HTML/CSS;Java;JavaScript;PHP;Python;SQL;TypeScript
774,Ruby;Scala;SQL;Other(s):
775,Java
776,HTML/CSS;JavaScript;Python;SQL
777,Bash/Shell/PowerShell;C;C++;HTML/CSS;Python;SQL
778,Assembly;C++;Java;JavaScript;VBA
779,C;Python;SQL
780,HTML/CSS;JavaScript;TypeScript
781,HTML/CSS;Java;JavaScript;SQL;TypeScript
782,HTML/CSS;JavaScript;SQL;VBA
783,Assembly;Bash/Shell/PowerShell;C++;HTML/CSS;JavaScript;Python
784,HTML/CSS
785,HTML/CSS;JavaScript;PHP;SQL
786,Java;JavaScript;Ruby
787,C#;SQL;TypeScript
788,C++;HTML/CSS;JavaScript;Python;TypeScript;WebAssembly
789,C#;F#;Python
790,Bash/Shell/PowerShell;HTML/CSS;JavaScript;PHP
791,Bash/Shell/PowerShell;C#;Clojure;HTML/CSS;JavaScript;Python;SQL;TypeScript
792,C;C#;Dart;JavaScript;PHP;Python;Rust;SQL;TypeScript
793,Bash/Shell/PowerShell;C;HTML/CSS;JavaScript;Python;R;Ruby;Other(s):
794,SQL;VBA;Other(s):
795,C#;HTML/CSS;JavaScript;Python;R;SQL
796,C#;HTML/CSS;JavaScript;SQL
797,HTML/CSS;JavaScript
798,Java
799,C;C++;Python
800,JavaScript;PHP;SQL
801,HTML/CSS;Java;JavaScript;SQL
802,Bash/Shell/PowerShell;C#;HTML/CSS;JavaScript;PHP;SQL
803,Assembly;Bash/Shell/PowerShell;C;C++;Java;JavaScript;Python;SQL
804,Bash/Shell/PowerShell;HTML/CSS;JavaScript;PHP
805,Java;JavaScript
806,Python;SQL
807,Bash/Shell/PowerShell;C++;JavaScript
808,HTML/CSS;Java;JavaScript;SQL
810,HTML/CSS;Java;JavaScript;Kotlin;Python
811,Bash/Shell/PowerShell;C;C++;C#;JavaScript
812,C#;HTML/CSS;JavaScript;SQL;TypeScript
813,HTML/CSS;Java
814,Bash/Shell/PowerShell;C#;JavaScript;SQL;Other(s):
815,HTML/CSS;Objective-C
816,HTML/CSS;JavaScript;PHP;SQL;Swift
817,Assembly;Bash/Shell/PowerShell;C;C++;C#;Erlang;Go;HTML/CSS;Java;JavaScript;Python;Ruby;Rust;SQL
818,Bash/Shell/PowerShell;C;C++;HTML/CSS;Java;JavaScript;Kotlin;Python;SQL;TypeScript
819,Assembly;C;C++;C#;HTML/CSS;Python;TypeScript;Other(s):
820,Assembly;C++;HTML/CSS;JavaScript;Python
821,C#
822,Bash/Shell/PowerShell;HTML/CSS;JavaScript;PHP;Python;SQL
823,C#;HTML/CSS;Java;JavaScript;Objective-C;SQL
824,Python
825,Bash/Shell/PowerShell;C++;Go;JavaScript;Python;Ruby;SQL;TypeScript;Other(s):
826,Java;Python;R
827,C;HTML/CSS;Java;JavaScript;PHP;SQL
828,Bash/Shell/PowerShell;C#;SQL
829,Java;JavaScript
830,C#;HTML/CSS;Java;JavaScript;PHP;Scala
831,C;C++;JavaScript
832,C;C#;Java;Kotlin;PHP;Python;SQL
833,Other(s):
834,HTML/CSS;JavaScript;PHP;SQL
835,Bash/Shell/PowerShell;Java;Python;Ruby;SQL
836,Bash/Shell/PowerShell;HTML/CSS;Java;JavaScript;TypeScript
837,Java;PHP
838,Java;Python
839,C
841,Go;HTML/CSS;JavaScript;Ruby;SQL;TypeScript
842,Bash/Shell/PowerShell;Go;HTML/CSS;Java;JavaScript;Python
843,Bash/Shell/PowerShell;C#;HTML/CSS;JavaScript;PHP;SQL
844,HTML/CSS;Java;JavaScript;Ruby
845,Bash/Shell/PowerShell;C#;HTML/CSS;JavaScript
846,Bash/Shell/PowerShell;C++;HTML/CSS;JavaScript;Python
847,C;Java;Python;SQL
848,HTML/CSS;JavaScript;PHP;SQL
849,Bash/Shell/PowerShell;C;HTML/CSS;JavaScript
850,Bash/Shell/PowerShell;Java;JavaScript;Python;TypeScript
851,Python;R;Other(s):
852,Java;Python;SQL
853,HTML/CSS;JavaScript;TypeScript
854,C#;HTML/CSS;Java;JavaScript;Python;R
855,HTML/CSS;JavaScript;PHP;SQL
856,C#;Java;SQL
857,C#;Java;JavaScript;Python
858,C;HTML/CSS;Java;JavaScript;Python;SQL
859,C#;F#;HTML/CSS;Java;JavaScript;PHP;SQL;VBA
860,Bash/Shell/PowerShell;C#;HTML/CSS;JavaScript;Swift
861,C#;HTML/CSS;JavaScript;Python;SQL
862,Bash/Shell/PowerShell;C++;C#
863,HTML/CSS;PHP;VBA
864,Bash/Shell/PowerShell;Dart;Go;HTML/CSS;Java;JavaScript;Python;TypeScript
865,C#;Java;JavaScript;TypeScript
866,C++;Python;Scala
867,C#;HTML/CSS;JavaScript
868,Assembly;Bash/Shell/PowerShell;HTML/CSS;Java;JavaScript;PHP;Python;TypeScript
869,Java;JavaScript;Kotlin
870,Python;SQL
871,Assembly;Bash/Shell/PowerShell;C;C++;HTML/CSS;Java;JavaScript;PHP;Python;Ruby;SQL
872,Bash/Shell/PowerShell;C;HTML/CSS;JavaScript;Python;Ruby;SQL;TypeScript
873,C++;C#
874,Bash/Shell/PowerShell;Go;JavaScript;Python;Rust;SQL
875,Dart;HTML/CSS;JavaScript;Kotlin;Rust
876,Java;SQL;Other(s):
877,Bash/Shell/PowerShell;C#;HTML/CSS;Java;JavaScript;SQL;Other(s):
878,HTML/CSS;JavaScript;Python;TypeScript
879,C;C++
880,Bash/Shell/PowerShell;HTML/CSS;JavaScript;PHP;Python;SQL
881,C;HTML/CSS;JavaScript;Python;SQL;TypeScript
882,C++;HTML/CSS;JavaScript;Rust;SQL;TypeScript;Other(s):
883,Bash/Shell/PowerShell;Objective-C;Ruby;Swift
884,C;Go;JavaScript;SQL;TypeScript
885,Java;JavaScript;PHP;Python
886,C++;Java;SQL;Swift
887,C#;HTML/CSS;JavaScript;SQL
888,HTML/CSS;Java;PHP;SQL
889,C#;Clojure;JavaScript;PHP;Python;R;SQL
890,C#;Java;JavaScript;SQL
891,Bash/Shell/PowerShell;C;C#;HTML/CSS;JavaScript;PHP;Python
892,Bash/Shell/PowerShell;Java;SQL
893,Java
894,C#;Clojure;JavaScript;TypeScript
895,Go;HTML/CSS;JavaScript;Python;SQL;TypeScript
896,C#;HTML/CSS;Java;JavaScript;SQL
897,Bash/Shell/PowerShell;C;C++;Python
898,Bash/Shell/PowerShell;C;C++;C#;HTML/CSS;Java;JavaScript;PHP;Python
899,Bash/Shell/PowerShell;C++;C#;HTML/CSS;JavaScript;Python
900,Bash/Shell/PowerShell;C#;HTML/CSS;Java;JavaScript;Python;SQL
901,Bash/Shell/PowerShell;C#;HTML/CSS;JavaScript;Python;SQL
902,C;C++;C#;HTML/CSS
903,Assembly;Bash/Shell/PowerShell;C;C++;HTML/CSS;Java;JavaScript;PHP;Python;SQL;TypeScript
904,Bash/Shell/PowerShell;C++;R;Other(s):
906,HTML/CSS;Java;JavaScript;Objective-C;SQL;Swift
907,Bash/Shell/PowerShell;Python;R;Other(s):
908,Dart;Java;JavaScript;Kotlin;Swift
909,C++;C#;HTML/CSS;JavaScript;SQL;TypeScript
910,Elixir;HTML/CSS;JavaScript;Python;Ruby;SQL
911,C#;Java;SQL
912,HTML/CSS;JavaScript
913,Bash/Shell/PowerShell;Go;HTML/CSS;Java;JavaScript;PHP
914,C#;HTML/CSS;JavaScript;SQL
915,Bash/Shell/PowerShell;C#;F#;Java;Kotlin;Scala;SQL;TypeScript
916,C#
917,Bash/Shell/PowerShell;C++;C#;HTML/CSS;JavaScript;PHP;Python;SQL;TypeScript
918,HTML/CSS;JavaScript;PHP;SQL;TypeScript
919,Bash/Shell/PowerShell;C++;C#;HTML/CSS;Java;JavaScript;Objective-C;PHP;SQL;VBA
920,Bash/Shell/PowerShell;C#;Java;JavaScript;Python;SQL
921,C#
922,C++;HTML/CSS;JavaScript;R;Ruby;SQL
923,Bash/Shell/PowerShell;Java;JavaScript;Python;R;Ruby
924,C#
925,C;C++
926,HTML/CSS;Java;Python;Rust;SQL
927,C#;HTML/CSS;JavaScript;PHP;Python;SQL
928,Assembly;Bash/Shell/PowerShell;C;C++;C#;Python;Ruby
929,C#;HTML/CSS;JavaScript;Objective-C;Python;Swift
930,Bash/Shell/PowerShell;C++;HTML/CSS;Java;Ruby;SQL;TypeScript
931,Bash/Shell/PowerShell;C;C++;JavaScript
932,Bash/Shell/PowerShell;HTML/CSS;PHP
933,Bash/Shell/PowerShell;C;C++;Python;R;SQL;Other(s):
934,JavaScript;PHP;SQL
935,Bash/Shell/PowerShell;C#;HTML/CSS;JavaScript;SQL;TypeScript
936,Python;Other(s):
937,Dart;Java;Swift
938,Bash/Shell/PowerShell;C++;C#;HTML/CSS;Java;JavaScript;PHP;Python;SQL;TypeScript
939,C#;SQL;Other(s):
940,HTML/CSS;Java;PHP;SQL
941,C;C++;C#;Python
942,Bash/Shell/PowerShell;Java;Kotlin;Python;SQL;Other(s):
943,Bash/Shell/PowerShell;HTML/CSS;JavaScript;PHP;Python;Ruby;SQL;Swift
944,C;C++;HTML/CSS;Objective-C;Swift
945,Bash/Shell/PowerShell;HTML/CSS;JavaScript;Python;R;SQL
946,HTML/CSS;JavaScript;TypeScript
947,Bash/Shell/PowerShell;C#;HTML/CSS;Java;JavaScript;PHP;Python;Rust;SQL
948,C#;HTML/CSS;JavaScript;PHP;SQL;TypeScript
949,C++;HTML/CSS;Python;R;SQL
950,C#;HTML/CSS;JavaScript;SQL
951,Bash/Shell/PowerShell;HTML/CSS;JavaScript;SQL
952,C#;HTML/CSS;JavaScript;SQL;TypeScript
953,JavaScript;Ruby
954,C;Python
955,HTML/CSS;Java;JavaScript
956,HTML/CSS;JavaScript;PHP;SQL
957,C#;HTML/CSS;Java;JavaScript;SQL
958,Bash/Shell/PowerShell;C#;HTML/CSS;JavaScript;Kotlin;SQL
959,Bash/Shell/PowerShell;C#;HTML/CSS;JavaScript;SQL;TypeScript;Other(s):
960,Assembly;HTML/CSS;Java;JavaScript;SQL
961,JavaScript;Python
962,HTML/CSS;JavaScript
963,Assembly;C;C++;HTML/CSS;Java;JavaScript;PHP;Python
964,Python;R
965,C;HTML/CSS;Java;Python;R;TypeScript;Other(s):
966,Bash/Shell/PowerShell;C;C++;C#;HTML/CSS;Java;JavaScript;Kotlin;Objective-C;PHP;Python;Ruby;SQL;Swift
967,Bash/Shell/PowerShell;HTML/CSS;JavaScript;TypeScript;WebAssembly
968,Bash/Shell/PowerShell;C;Go;Python;SQL
969,Java
970,C#;HTML/CSS;Java;JavaScript;Python;SQL
971,Bash/Shell/PowerShell;Go;Ruby
972,Bash/Shell/PowerShell;C;Scala;SQL
973,HTML/CSS;Java;JavaScript;R;SQL
974,C;HTML/CSS;Java;JavaScript;Kotlin;PHP;Python;Swift
975,C++;HTML/CSS;Java;JavaScript;Python;SQL;Other(s):
976,Java
977,C#;HTML/CSS;Java;JavaScript;PHP;SQL;TypeScript
978,Java;JavaScript;TypeScript
979,Bash/Shell/PowerShell;C;C++;C#;Java;SQL
980,Bash/Shell/PowerShell;HTML/CSS;Other(s):
981,C#;HTML/CSS;JavaScript;SQL;TypeScript
982,C#;JavaScript;Python;TypeScript
983,C#;HTML/CSS;Java;JavaScript;PHP;SQL
984,C++;Go;Other(s):
985,C#;HTML/CSS;JavaScript;SQL
986,Assembly;Bash/Shell/PowerShell;C;R;Ruby;SQL;Other(s):
987,Assembly;C;C++;HTML/CSS;Java;JavaScript;Kotlin;PHP;Python;SQL
988,JavaScript;Ruby;SQL
989,Bash/Shell/PowerShell;C;C++;HTML/CSS;Python
990,Python;SQL
991,HTML/CSS;JavaScript;PHP;Python;SQL;VBA
992,Bash/Shell/PowerShell;C;C++;HTML/CSS;Java;JavaScript;Python;SQL;Swift
993,Assembly;Bash/Shell/PowerShell;C;C++;C#;Go;HTML/CSS;Java;JavaScript;PHP;Python;R;Ruby;Rust;SQL;VBA
994,Bash/Shell/PowerShell;JavaScript;Python;SQL
995,PHP;Python;SQL
996,Assembly;Bash/Shell/PowerShell;C;HTML/CSS;Java;JavaScript;Kotlin;Python;Other(s):
997,Bash/Shell/PowerShell;Python;SQL
998,Bash/Shell/PowerShell;HTML/CSS;Java;JavaScript;Python;Swift
999,HTML/CSS;Java;JavaScript;Python;SQL
1000,Bash/Shell/PowerShell;HTML/CSS;JavaScript;PHP;Python;R;SQL
1001,Bash/Shell/PowerShell;HTML/CSS;JavaScript;Python;SQL
1002,C;C++;HTML/CSS;Java;JavaScript;Python;SQL
1003,C++;C#;HTML/CSS;Java;JavaScript;PHP;SQL
1004,Objective-C;Swift
1005,Bash/Shell/PowerShell;Go;HTML/CSS;JavaScript;Python
1006,Python
1007,Clojure;Go;Python
1008,Bash/Shell/PowerShell;Go;HTML/CSS;JavaScript;PHP;Python
1009,HTML/CSS;JavaScript;PHP;SQL
1010,Dart;Java;Kotlin;Python;Scala;Swift
1011,C#;HTML/CSS;SQL
1012,Bash/Shell/PowerShell;C++;HTML/CSS;Swift
1013,Bash/Shell/PowerShell;Go;HTML/CSS;Java;JavaScript;PHP;Python;SQL
1014,Bash/Shell/PowerShell;Go;HTML/CSS;JavaScript;PHP;Python;SQL
1015,HTML/CSS;JavaScript;PHP;Python;TypeScript
1016,C#
1017,Go;JavaScript
1018,Bash/Shell/PowerShell;C;HTML/CSS;Java;JavaScript;Python
1020,Java;JavaScript;PHP;SQL;TypeScript
1021,HTML/CSS;Java;JavaScript;Kotlin;PHP;Python;SQL
1022,Bash/Shell/PowerShell;C++;HTML/CSS;JavaScript;Python;SQL
1023,Bash/Shell/PowerShell;C#;HTML/CSS;SQL;TypeScript
1024,C#;HTML/CSS;Java;JavaScript;Ruby;SQL;TypeScript
1025,C++;C#;JavaScript;Objective-C;Rust
1026,Bash/Shell/PowerShell;Java;JavaScript;Python
1027,HTML/CSS;JavaScript
1028,C;C++;HTML/CSS;Java;JavaScript;Python;SQL
1029,Bash/Shell/PowerShell;HTML/CSS;JavaScript;PHP;SQL
1030,C#;HTML/CSS;JavaScript;SQL;TypeScript
1031,Bash/Shell/PowerShell;C#;HTML/CSS;JavaScript
1032,Java;Kotlin;Swift
1033,C#;HTML/CSS;JavaScript;SQL
1034,Python;Ruby;SQL
1035,HTML/CSS;Java;JavaScript;SQL;TypeScript
1036,Java;SQL
1037,Bash/Shell/PowerShell;C#;Dart;HTML/CSS;Java;JavaScript;Objective-C;Python;SQL;Swift
1038,C;HTML/CSS;JavaScript;Python;Ruby;SQL;VBA
1039,C;C++;C#;HTML/CSS;Java;JavaScript;Python;SQL;TypeScript
1040,HTML/CSS;Java
1041,Bash/Shell/PowerShell;Python;SQL
1042,HTML/CSS;JavaScript;TypeScript
1043,Python;Rust
1044,C++;C#;Java;Python
1045,C#;JavaScript;TypeScript
1046,C++;HTML/CSS;Java;Python;Scala;SQL;TypeScript
1047,C;Python
1048,HTML/CSS;JavaScript;Python;SQL
1049,Bash/Shell/PowerShell;C++;HTML/CSS;Python
1050,HTML/CSS;JavaScript;SQL;TypeScript
1051,C#;HTML/CSS;JavaScript;TypeScript
1052,HTML/CSS;JavaScript;TypeScript
1053,Java;JavaScript
1054,C#;HTML/CSS;JavaScript;Kotlin;SQL;Swift;TypeScript
1055,Dart;JavaScript;Kotlin;Swift
1056,C#;HTML/CSS;JavaScript;SQL
1057,Bash/Shell/PowerShell
1058,HTML/CSS;Java;JavaScript;PHP;Python;SQL
1059,Bash/Shell/PowerShell;C;C++;Java;JavaScript;Python;Rust;TypeScript
1060,JavaScript;Python
1061,C#;SQL
1062,HTML/CSS;JavaScript
1063,Bash/Shell/PowerShell;Python;Ruby;SQL
1064,Java
1065,C#;HTML/CSS;Java;JavaScript;TypeScript
1066,Java;Kotlin
1067,Bash/Shell/PowerShell;Go;Java;JavaScript;Python;Other(s):
1068,HTML/CSS;JavaScript;Python;SQL
1069,C#;SQL
1070,C#;F#;HTML/CSS;JavaScript;Python;R;SQL;TypeScript;VBA
1071,C#;SQL
1072,C++
1073,Bash/Shell/PowerShell;C#;HTML/CSS;JavaScript;SQL
1074,C#;JavaScript;SQL;TypeScript
1075,HTML/CSS;JavaScript;TypeScript
1076,Bash/Shell/PowerShell;C#;HTML/CSS;JavaScript;PHP;SQL
1077,C#;HTML/CSS;Java;JavaScript;TypeScript
1078,C#;HTML/CSS;JavaScript;SQL;Other(s):
1079,HTML/CSS;Java;JavaScript
1080,C++;C#;Java;JavaScript;SQL
1081,Bash/Shell/PowerShell;Elixir;JavaScript;Python;SQL
1082,Bash/Shell/PowerShell;C;C++;C#;HTML/CSS;Java;JavaScript;Ruby;SQL;TypeScript;Other(s):
1083,JavaScript;PHP;Python
1084,Objective-C;Swift
1085,HTML/CSS;JavaScript
1086,Bash/Shell/PowerShell;C;C++;C#;HTML/CSS;Java;JavaScript
1087,HTML/CSS;Java;JavaScript;Python
1088,Assembly;Bash/Shell/PowerShell;C;C++;C#;HTML/CSS;JavaScript;PHP;SQL;TypeScript;WebAssembly
1089,HTML/CSS;JavaScript;PHP
1090,Assembly;Bash/Shell/PowerShell;C;C++;C#;Python;WebAssembly
1091,Assembly;C;C#;Java;Ruby;TypeScript
1092,C++;HTML/CSS;Java;JavaScript;Python
1093,Bash/Shell/PowerShell;C#;HTML/CSS;Java;JavaScript;Python;SQL
1094,Bash/Shell/PowerShell;C#;HTML/CSS;JavaScript;SQL;TypeScript;VBA
1095,HTML/CSS;JavaScript;Python
1096,Bash/Shell/PowerShell;C;C++;Dart;HTML/CSS;Java;JavaScript;Kotlin;Scala
1097,Go;JavaScript;Python;SQL;TypeScript
1098,JavaScript;Python
1099,Bash/Shell/PowerShell;C#;HTML/CSS;JavaScript;Python;SQL;TypeScript
1100,HTML/CSS;JavaScript;TypeScript
1101,HTML/CSS;JavaScript
1102,HTML/CSS;JavaScript;PHP;VBA
1103,C++;C#;JavaScript;Other(s):
1104,C;C++;HTML/CSS;Java;JavaScript;PHP;SQL
1105,C;HTML/CSS;JavaScript;PHP;Python;SQL
1106,Assembly;C#;HTML/CSS;JavaScript;Python;SQL;VBA
1107,HTML/CSS;Java;JavaScript;R;Ruby;SQL;TypeScript
1108,C++;C#;Java;SQL
1109,HTML/CSS;JavaScript;PHP;SQL
1110,HTML/CSS;JavaScript;PHP;SQL
1112,C#;JavaScript;Python
1113,Bash/Shell/PowerShell;HTML/CSS;JavaScript;PHP;Python;SQL
1114,Bash/Shell/PowerShell;HTML/CSS;JavaScript;Ruby;SQL
1115,HTML/CSS;Java;PHP;SQL
1116,HTML/CSS;JavaScript
1117,Assembly;Bash/Shell/PowerShell;C;HTML/CSS;JavaScript;PHP;Python;SQL;Other(s):
1118,Bash/Shell/PowerShell;HTML/CSS;Java;JavaScript;Objective-C
1119,Bash/Shell/PowerShell;C#;HTML/CSS;JavaScript;PHP;Python
1120,C;C#;HTML/CSS;Java;JavaScript;Objective-C;PHP;Python;SQL;Swift
1121,C++;C#;Dart;HTML/CSS;Java;JavaScript;PHP;Python
1122,PHP;Python;SQL
1123,HTML/CSS;Java;SQL
1124,C;C++;JavaScript;TypeScript;Other(s):
1125,Bash/Shell/PowerShell;C#;Go;Java;Python
1126,Bash/Shell/PowerShell;C++;C#;HTML/CSS;JavaScript;Python;SQL;Other(s):
1127,C++;Python
1128,HTML/CSS;Java;JavaScript;TypeScript
1129,HTML/CSS;JavaScript;PHP;SQL;TypeScript
1130,HTML/CSS;JavaScript;PHP
1131,Bash/Shell/PowerShell;HTML/CSS;JavaScript;TypeScript
1132,C#;HTML/CSS;Java;JavaScript;SQL
1133,C#;HTML/CSS;Java;JavaScript;TypeScript
1134,HTML/CSS;JavaScript;SQL
1135,Go;JavaScript;PHP;TypeScript
1136,HTML/CSS;Java;JavaScript;Kotlin;Python;R;TypeScript
1137,Assembly;Bash/Shell/PowerShell;C;Objective-C;Python;Ruby;Swift
1138,C#;HTML/CSS;JavaScript;Python;Rust;TypeScript
1139,C++;C#;JavaScript;PHP;Python;SQL;TypeScript
1140,C;C++;Java;Python
1141,Python;SQL
1142,C#;HTML/CSS;Java;JavaScript
1143,C#;HTML/CSS;Java;JavaScript;Kotlin;PHP;Ruby;TypeScript;Other(s):
1144,C#;HTML/CSS;JavaScript;SQL;TypeScript
1145,Bash/Shell/PowerShell;HTML/CSS;JavaScript;Ruby;SQL
1146,C#;HTML/CSS;Java;JavaScript;PHP;Python;TypeScript
1147,JavaScript
1148,Python;R;Other(s):
1149,Bash/Shell/PowerShell;Dart;HTML/CSS;Java;JavaScript;Objective-C;Swift
1150,Bash/Shell/PowerShell;Python;SQL;Other(s):
1151,C#;HTML/CSS;JavaScript;SQL;TypeScript
1152,JavaScript;PHP;SQL
1153,Assembly;Bash/Shell/PowerShell;Go;Python
1154,Bash/Shell/PowerShell;Go;HTML/CSS;Java;JavaScript;Kotlin;TypeScript
1155,Bash/Shell/PowerShell;C;HTML/CSS;Java;JavaScript;Objective-C;PHP;Python;Ruby;SQL;TypeScript
1156,C;C++
1157,HTML/CSS;Java;JavaScript;PHP;SQL
1158,Bash/Shell/PowerShell;HTML/CSS;JavaScript;Python
1159,Bash/Shell/PowerShell;C#;HTML/CSS;JavaScript;TypeScript;Other(s):
1160,C;C++;Python;SQL
1161,HTML/CSS;JavaScript;Ruby;SQL
1162,C#
1163,Swift
1164,Bash/Shell/PowerShell;C++;C#;Dart;HTML/CSS;Java;JavaScript;Python;R;SQL;TypeScript
1165,C++;Erlang;Python
1166,HTML/CSS;Java;JavaScript;PHP;SQL;TypeScript
1167,JavaScript
1168,Assembly;C++;HTML/CSS
1169,Bash/Shell/PowerShell;C++;Java;JavaScript;Python;SQL
1170,JavaScript
1171,HTML/CSS;JavaScript;PHP
1172,PHP;Other(s):
1173,C;HTML/CSS;Java;JavaScript;Python;SQL;TypeScript
1174,Bash/Shell/PowerShell;C;C++;C#;HTML/CSS;Java;JavaScript;PHP;Python;SQL
1175,Bash/Shell/PowerShell;C;HTML/CSS;Java;JavaScript;PHP;Python;SQL
1176,C#;SQL;VBA
1177,Bash/Shell/PowerShell;C++;HTML/CSS;Java;Python
1178,Java;Python
1179,Go;HTML/CSS;Java;JavaScript;SQL;TypeScript
1180,Assembly;Bash/Shell/PowerShell;C;Clojure;JavaScript;Kotlin;Python;TypeScript
1181,C++;Go;HTML/CSS;JavaScript;Ruby
1182,HTML/CSS;Java;JavaScript;SQL;TypeScript
1183,Bash/Shell/PowerShell;HTML/CSS;Java;JavaScript;Python;SQL
1184,Bash/Shell/PowerShell;HTML/CSS;JavaScript;PHP;SQL;TypeScript
1185,Go;HTML/CSS;JavaScript;Python;R
1186,HTML/CSS;JavaScript;PHP
1187,Bash/Shell/PowerShell;C++;Python
1188,C#;HTML/CSS;Java;JavaScript;TypeScript
1189,C++;C#;HTML/CSS;Java;SQL;WebAssembly
1190,C#;HTML/CSS;Java;JavaScript;Python
1192,Bash/Shell/PowerShell;Java;SQL
1193,Bash/Shell/PowerShell;Elixir;Go;HTML/CSS;Java;JavaScript;Python
1194,Bash/Shell/PowerShell;Erlang;JavaScript;R;Ruby
1195,C#;Other(s):
1196,C;C++;SQL
1197,Bash/Shell/PowerShell;Go;HTML/CSS;Java;JavaScript;PHP;Python;Rust
1198,C++;C#
1199,C++;HTML/CSS;Java;JavaScript;PHP;Python;Ruby;SQL
1200,Bash/Shell/PowerShell;Python;SQL
1201,HTML/CSS;JavaScript;PHP;Python;SQL